-- Adminer 4.7.7 MySQL dump

SET NAMES utf8;
SET time_zone = '+00:00';
SET foreign_key_checks = 0;
SET sql_mode = 'NO_AUTO_VALUE_ON_ZERO';

SET NAMES utf8mb4;

DROP TABLE IF EXISTS `auth_group`;
CREATE TABLE `auth_group` (
  `id` int(11) NOT NULL AUTO_INCREMENT,
  `name` varchar(150) NOT NULL,
  PRIMARY KEY (`id`),
  UNIQUE KEY `name` (`name`)
) ENGINE=InnoDB DEFAULT CHARSET=utf8mb4;


DROP TABLE IF EXISTS `auth_group_permissions`;
CREATE TABLE `auth_group_permissions` (
  `id` int(11) NOT NULL AUTO_INCREMENT,
  `group_id` int(11) NOT NULL,
  `permission_id` int(11) NOT NULL,
  PRIMARY KEY (`id`),
  UNIQUE KEY `auth_group_permissions_group_id_permission_id_0cd325b0_uniq` (`group_id`,`permission_id`),
  KEY `auth_group_permissio_permission_id_84c5c92e_fk_auth_perm` (`permission_id`),
  CONSTRAINT `auth_group_permissio_permission_id_84c5c92e_fk_auth_perm` FOREIGN KEY (`permission_id`) REFERENCES `auth_permission` (`id`),
  CONSTRAINT `auth_group_permissions_group_id_b120cbf9_fk_auth_group_id` FOREIGN KEY (`group_id`) REFERENCES `auth_group` (`id`)
) ENGINE=InnoDB DEFAULT CHARSET=utf8mb4;


DROP TABLE IF EXISTS `auth_permission`;
CREATE TABLE `auth_permission` (
  `id` int(11) NOT NULL AUTO_INCREMENT,
  `name` varchar(255) NOT NULL,
  `content_type_id` int(11) NOT NULL,
  `codename` varchar(100) NOT NULL,
  PRIMARY KEY (`id`),
  UNIQUE KEY `auth_permission_content_type_id_codename_01ab375a_uniq` (`content_type_id`,`codename`),
  CONSTRAINT `auth_permission_content_type_id_2f476e4b_fk_django_co` FOREIGN KEY (`content_type_id`) REFERENCES `django_content_type` (`id`)
) ENGINE=InnoDB DEFAULT CHARSET=utf8mb4;

INSERT INTO `auth_permission` (`id`, `name`, `content_type_id`, `codename`) VALUES
(1,	'Can add log entry',	1,	'add_logentry'),
(2,	'Can change log entry',	1,	'change_logentry'),
(3,	'Can delete log entry',	1,	'delete_logentry'),
(4,	'Can view log entry',	1,	'view_logentry'),
(5,	'Can add permission',	2,	'add_permission'),
(6,	'Can change permission',	2,	'change_permission'),
(7,	'Can delete permission',	2,	'delete_permission'),
(8,	'Can view permission',	2,	'view_permission'),
(9,	'Can add group',	3,	'add_group'),
(10,	'Can change group',	3,	'change_group'),
(11,	'Can delete group',	3,	'delete_group'),
(12,	'Can view group',	3,	'view_group'),
(13,	'Can add user',	4,	'add_user'),
(14,	'Can change user',	4,	'change_user'),
(15,	'Can delete user',	4,	'delete_user'),
(16,	'Can view user',	4,	'view_user'),
(17,	'Can add content type',	5,	'add_contenttype'),
(18,	'Can change content type',	5,	'change_contenttype'),
(19,	'Can delete content type',	5,	'delete_contenttype'),
(20,	'Can view content type',	5,	'view_contenttype'),
(21,	'Can add session',	6,	'add_session'),
(22,	'Can change session',	6,	'change_session'),
(23,	'Can delete session',	6,	'delete_session'),
(24,	'Can view session',	6,	'view_session'),
(25,	'Can add peralatan',	7,	'add_peralatan'),
(26,	'Can change peralatan',	7,	'change_peralatan'),
(27,	'Can delete peralatan',	7,	'delete_peralatan'),
(28,	'Can view peralatan',	7,	'view_peralatan');

DROP TABLE IF EXISTS `auth_user`;
CREATE TABLE `auth_user` (
  `id` int(11) NOT NULL AUTO_INCREMENT,
  `password` varchar(128) NOT NULL,
  `last_login` datetime(6) DEFAULT NULL,
  `is_superuser` tinyint(1) NOT NULL,
  `username` varchar(150) NOT NULL,
  `first_name` varchar(150) NOT NULL,
  `last_name` varchar(150) NOT NULL,
  `email` varchar(254) NOT NULL,
  `is_staff` tinyint(1) NOT NULL,
  `is_active` tinyint(1) NOT NULL,
  `date_joined` datetime(6) NOT NULL,
  PRIMARY KEY (`id`),
  UNIQUE KEY `username` (`username`)
) ENGINE=InnoDB DEFAULT CHARSET=utf8mb4;

INSERT INTO `auth_user` (`id`, `password`, `last_login`, `is_superuser`, `username`, `first_name`, `last_name`, `email`, `is_staff`, `is_active`, `date_joined`) VALUES
(1,	'pbkdf2_sha256$216000$XqQUSC3kqNUH$V7InGSeuvHG8ClKtcCXevzQub6i0ztDvnn1nKoNTYs8=',	'2020-12-17 04:12:48.409341',	1,	'admin',	'',	'',	'admin@gmail.com',	1,	1,	'2020-12-17 04:11:52.007538');

DROP TABLE IF EXISTS `auth_user_groups`;
CREATE TABLE `auth_user_groups` (
  `id` int(11) NOT NULL AUTO_INCREMENT,
  `user_id` int(11) NOT NULL,
  `group_id` int(11) NOT NULL,
  PRIMARY KEY (`id`),
  UNIQUE KEY `auth_user_groups_user_id_group_id_94350c0c_uniq` (`user_id`,`group_id`),
  KEY `auth_user_groups_group_id_97559544_fk_auth_group_id` (`group_id`),
  CONSTRAINT `auth_user_groups_group_id_97559544_fk_auth_group_id` FOREIGN KEY (`group_id`) REFERENCES `auth_group` (`id`),
  CONSTRAINT `auth_user_groups_user_id_6a12ed8b_fk_auth_user_id` FOREIGN KEY (`user_id`) REFERENCES `auth_user` (`id`)
) ENGINE=InnoDB DEFAULT CHARSET=utf8mb4;


DROP TABLE IF EXISTS `auth_user_user_permissions`;
CREATE TABLE `auth_user_user_permissions` (
  `id` int(11) NOT NULL AUTO_INCREMENT,
  `user_id` int(11) NOT NULL,
  `permission_id` int(11) NOT NULL,
  PRIMARY KEY (`id`),
  UNIQUE KEY `auth_user_user_permissions_user_id_permission_id_14a6b632_uniq` (`user_id`,`permission_id`),
  KEY `auth_user_user_permi_permission_id_1fbb5f2c_fk_auth_perm` (`permission_id`),
  CONSTRAINT `auth_user_user_permi_permission_id_1fbb5f2c_fk_auth_perm` FOREIGN KEY (`permission_id`) REFERENCES `auth_permission` (`id`),
  CONSTRAINT `auth_user_user_permissions_user_id_a95ead1b_fk_auth_user_id` FOREIGN KEY (`user_id`) REFERENCES `auth_user` (`id`)
) ENGINE=InnoDB DEFAULT CHARSET=utf8mb4;


DROP TABLE IF EXISTS `django_admin_log`;
CREATE TABLE `django_admin_log` (
  `id` int(11) NOT NULL AUTO_INCREMENT,
  `action_time` datetime(6) NOT NULL,
  `object_id` longtext DEFAULT NULL,
  `object_repr` varchar(200) NOT NULL,
  `action_flag` smallint(5) unsigned NOT NULL CHECK (`action_flag` >= 0),
  `change_message` longtext NOT NULL,
  `content_type_id` int(11) DEFAULT NULL,
  `user_id` int(11) NOT NULL,
  PRIMARY KEY (`id`),
  KEY `django_admin_log_content_type_id_c4bce8eb_fk_django_co` (`content_type_id`),
  KEY `django_admin_log_user_id_c564eba6_fk_auth_user_id` (`user_id`),
  CONSTRAINT `django_admin_log_content_type_id_c4bce8eb_fk_django_co` FOREIGN KEY (`content_type_id`) REFERENCES `django_content_type` (`id`),
  CONSTRAINT `django_admin_log_user_id_c564eba6_fk_auth_user_id` FOREIGN KEY (`user_id`) REFERENCES `auth_user` (`id`)
) ENGINE=InnoDB DEFAULT CHARSET=utf8mb4;

INSERT INTO `django_admin_log` (`id`, `action_time`, `object_id`, `object_repr`, `action_flag`, `change_message`, `content_type_id`, `user_id`) VALUES
(1,	'2020-12-17 04:42:10.151293',	'1',	'Palu',	1,	'[{\"added\": {}}]',	7,	1),
(2,	'2020-12-17 04:42:27.814870',	'1',	'Palu',	2,	'[]',	7,	1),
(3,	'2020-12-17 04:43:35.246937',	'2',	'Gergaji GT-45',	1,	'[{\"added\": {}}]',	7,	1);

DROP TABLE IF EXISTS `django_content_type`;
CREATE TABLE `django_content_type` (
  `id` int(11) NOT NULL AUTO_INCREMENT,
  `app_label` varchar(100) NOT NULL,
  `model` varchar(100) NOT NULL,
  PRIMARY KEY (`id`),
  UNIQUE KEY `django_content_type_app_label_model_76bd3d3b_uniq` (`app_label`,`model`)
) ENGINE=InnoDB DEFAULT CHARSET=utf8mb4;

INSERT INTO `django_content_type` (`id`, `app_label`, `model`) VALUES
(1,	'admin',	'logentry'),
(3,	'auth',	'group'),
(2,	'auth',	'permission'),
(4,	'auth',	'user'),
(5,	'contenttypes',	'contenttype'),
(7,	'perkakas',	'peralatan'),
(6,	'sessions',	'session');

DROP TABLE IF EXISTS `django_migrations`;
CREATE TABLE `django_migrations` (
  `id` int(11) NOT NULL AUTO_INCREMENT,
  `app` varchar(255) NOT NULL,
  `name` varchar(255) NOT NULL,
  `applied` datetime(6) NOT NULL,
  PRIMARY KEY (`id`)
) ENGINE=InnoDB DEFAULT CHARSET=utf8mb4;

INSERT INTO `django_migrations` (`id`, `app`, `name`, `applied`) VALUES
(1,	'contenttypes',	'0001_initial',	'2020-12-17 04:04:05.893942'),
(2,	'auth',	'0001_initial',	'2020-12-17 04:04:06.249664'),
(3,	'admin',	'0001_initial',	'2020-12-17 04:04:06.963220'),
(4,	'admin',	'0002_logentry_remove_auto_add',	'2020-12-17 04:04:07.166248'),
(5,	'admin',	'0003_logentry_add_action_flag_choices',	'2020-12-17 04:04:07.196499'),
(6,	'contenttypes',	'0002_remove_content_type_name',	'2020-12-17 04:04:07.486177'),
(7,	'auth',	'0002_alter_permission_name_max_length',	'2020-12-17 04:04:07.595312'),
(8,	'auth',	'0003_alter_user_email_max_length',	'2020-12-17 04:04:07.641138'),
(9,	'auth',	'0004_alter_user_username_opts',	'2020-12-17 04:04:07.677135'),
(10,	'auth',	'0005_alter_user_last_login_null',	'2020-12-17 04:04:07.779531'),
(11,	'auth',	'0006_require_contenttypes_0002',	'2020-12-17 04:04:07.791043'),
(12,	'auth',	'0007_alter_validators_add_error_messages',	'2020-12-17 04:04:07.831042'),
(13,	'auth',	'0008_alter_user_username_max_length',	'2020-12-17 04:04:07.891042'),
(14,	'auth',	'0009_alter_user_last_name_max_length',	'2020-12-17 04:04:07.963043'),
(15,	'auth',	'0010_alter_group_name_max_length',	'2020-12-17 04:04:08.011039'),
(16,	'auth',	'0011_update_proxy_permissions',	'2020-12-17 04:04:08.051044'),
(17,	'auth',	'0012_alter_user_first_name_max_length',	'2020-12-17 04:04:08.118119'),
(18,	'sessions',	'0001_initial',	'2020-12-17 04:04:08.178116'),
(19,	'perkakas',	'0001_initial',	'2020-12-17 04:35:41.417920');

DROP TABLE IF EXISTS `django_session`;
CREATE TABLE `django_session` (
  `session_key` varchar(40) NOT NULL,
  `session_data` longtext NOT NULL,
  `expire_date` datetime(6) NOT NULL,
  PRIMARY KEY (`session_key`),
  KEY `django_session_expire_date_a5c62663` (`expire_date`)
) ENGINE=InnoDB DEFAULT CHARSET=utf8mb4;

INSERT INTO `django_session` (`session_key`, `session_data`, `expire_date`) VALUES
('342bto1wiaqmhyeb6kgmrihqf521csn1',	'.eJxVjEEOwiAQRe_C2hAG7AAu3XsGAjMgVUOT0q6MdzckXej2v_f-W4S4bzXsPa9hZnERIE6_W4r0zG0AfsR2XyQtbVvnJIciD9rlbeH8uh7u30GNvY56MpFMAQD2qDxiQbKFU9JIET1gNpbIgQbPxilM2aIyTk_2TAzais8X39A3SA:1kpkem:Ix_m5s5QDAo_7EW0Y4jpx9HK0-jHVRbtGqNbK7N5o1I',	'2020-12-31 04:12:48.417445');

DROP TABLE IF EXISTS `perkakas_peralatan`;
CREATE TABLE `perkakas_peralatan` (
  `id` int(11) NOT NULL AUTO_INCREMENT,
  `nama_alat` varchar(50) NOT NULL,
  `kategori` varchar(2) NOT NULL,
  `keterangan` longtext NOT NULL,
  `berat` double NOT NULL,
  `harga` double NOT NULL,
  `jumlah` int(11) NOT NULL,
  `tgl_input` datetime(6) NOT NULL,
  `user_id` int(11) NOT NULL,
  PRIMARY KEY (`id`),
  KEY `perkakas_peralatan_user_id_4728ebab_fk_auth_user_id` (`user_id`),
  CONSTRAINT `perkakas_peralatan_user_id_4728ebab_fk_auth_user_id` FOREIGN KEY (`user_id`) REFERENCES `auth_user` (`id`)
) ENGINE=InnoDB DEFAULT CHARSET=utf8mb4;

INSERT INTO `perkakas_peralatan` (`id`, `nama_alat`, `kategori`, `keterangan`, `berat`, `harga`, `jumlah`, `tgl_input`, `user_id`) VALUES
(1,	'Palu',	'mt',	'Barang Atoss',	1,	50000,	3,	'2020-12-17 04:40:53.000000',	1),
(2,	'Gergaji GT-45',	'wd',	'Alat Potong Mahal',	2,	100000,	3,	'2020-12-17 04:42:40.000000',	1);

-- 2020-12-17 07:12:42
